[
    {
   "id": "1101",
   "title": "Lemonade",
   "artist": "Beyonce",
   "price": 249
    },
    
    {
   "id": "1102",
   "title": "Don't matter to me",
   "artist": "Drake",
   "price": 379
    },
    
    {
   "id": "1103",
   "title": "Birds",
   "artist": "Imagine Dragons",
   "price": 289
    },
    
    {
   "id": "1104",
   "title": "Thriller",
   "artist": "Michael Jackson",
   "price": 449
    },
    
    {
   "id": "1105",
   "title": "Meri Tanhai",
   "artist": "Subhajit",
   "price": 999
    },
    
    {
   "id": "1106",
   "title": "Meri udas zindagi",
   "artist": "Srishti Singh",
   "price": 2049
    }
]